Price,Close,High,Return
Ticker,SPY,SPY,
Date,,,
2020-06-24,283.1436462402344,289.1214358180939,
2020-06-25,286.1791687011719,286.449200920641,0.010720786078886713
2020-06-26,279.3819274902344,285.28524025571556,-0.023751698077071337
2020-06-29,283.4881591796875,283.62782118716285,0.014697556589792882
2020-06-30,287.1196594238281,288.8329423047783,0.012810059702842214
2020-07-01,289.13079833984375,290.4064540771251,0.0070045322568697
2020-07-02,290.7230224609375,293.95400349200224,0.005506933644690015
2020-07-06,295.21099853515625,295.79760751701355,0.015437291605695735
2020-07-07,292.16619873046875,295.64857088394365,-0.01031397820472768
2020-07-08,294.4009094238281,294.51263904760174,0.007648765336543795
2020-07-09,292.7248840332031,295.25752615272114,-0.005693003441820665
2020-07-10,295.71380615234375,295.9838383688003,0.010210686833175497
2020-07-13,293.1531677246094,300.48106133856015,-0.008659177807935015
2020-07-14,296.9522399902344,297.7343758977281,0.01295934236396823
2020-07-15,299.680419921875,300.7884529328608,0.00918726840292683
2020-07-16,298.6934509277344,299.14968980715025,-0.003293405002562144
2020-07-17,299.5592956542969,300.3507516679263,0.0028987737222667675
2020-07-20,301.98016357421875,302.7343667985494,0.0080814314729718
2020-07-21,302.6226806640625,304.4104113727864,0.00212767978611228
2020-07-22,304.34527587890625,304.6618810669734,0.005692221121905927
2020-07-23,300.7138977050781,304.6897902319938,-0.011931771121931223
2020-07-24,298.7771911621094,299.8107186506547,-0.006440362609606232
2020-07-27,300.9560241699219,301.13293890023635,0.00729250114219826
2020-07-28,299.04718017578125,301.34704276942347,-0.006342601047463647
2020-07-29,302.7251281738281,303.2931250209833,0.012298888743525138
2020-07-30,301.64508056640625,302.06409517322885,-0.0035677501036573966
2020-07-31,304.0286865234375,304.13112429544833,0.00790202164926912
2020-08-03,306.142333984375,306.9151495195356,0.006952131672530726
2020-08-04,307.3248596191406,307.3248596191406,0.003862666163726214
2020-08-05,309.2336730957031,309.49441348854435,0.0062110610867212035
2020-08-06,311.3007507324219,311.4218006508972,0.006684516650549366
2020-08-07,311.5242004394531,311.8128447873176,0.0007177936657896122
2020-08-10,312.455322265625,312.64152884506143,0.0029889229307333842
2020-08-11,309.8760986328125,314.28961783933227,-0.008254695788538546
2020-08-12,314.1965026855469,314.9786385014679,0.013942359774749224
2020-08-13,313.62847900390625,314.9506791323378,-0.001807861248567466
2020-08-14,313.63787841796875,314.1779429337107,2.99698997117126e-05
2020-08-17,314.6341247558594,315.03449872445947,0.003176422257782807
2020-08-18,315.3139343261719,315.7422408144281,0.002160635216666318
2020-08-19,314.0009460449219,316.2169831053855,-0.004164066786505494
2020-08-20,314.9786071777344,315.4627783254969,0.0031135611058721313
2020-08-21,316.095947265625,316.31940649154194,0.003547352304025253
2020-08-24,319.2990417480469,319.3735186956646,0.010133298165098559
2020-08-25,320.4163818359375,320.50017906183126,0.003499353088482815
2020-08-26,323.6287536621094,323.89875747602053,0.010025616692147521
2020-08-27,324.3363952636719,325.7982576806448,0.002186584453806928
2020-08-28,326.431396484375,326.5617666679802,0.006459346688489909
2020-08-31,325.24884033203125,327.1017561389828,-0.0036226789612755494
2020-09-01,328.3122863769531,328.41469574057874,0.009418776226210568
2020-09-02,333.0609130859375,334.0385755995548,0.014463749625051259
2020-09-03,321.598876953125,331.83185523044534,-0.034414233800695304
2020-09-04,318.97320556640625,323.87086854358097,-0.008164429588793154
2020-09-08,310.2578430175781,319.0383079814321,-0.02732318074601947
2020-09-09,316.3846435546875,318.8707130978866,0.019747447727734846
2020-09-10,310.89111328125,318.93596088773944,-0.01736345421735974
2020-09-11,311.04931640625,313.75887354105794,0.0005088698847974804
2020-09-14,315.1462707519531,316.9340302710113,0.013171398005428214
2020-09-15,316.738525390625,318.46107151746924,0.005052430526538254
2020-09-16,315.4814453125,319.4293770117385,-0.0039688259474425225
2020-09-17,312.70672607421875,314.43862066458155,-0.008795189953351268
2020-09-18,309.1065979003906,313.6312458044341,-0.011512794173073382
2020-09-21,305.6663818359375,305.8159605137822,-0.01112954588423809
2020-09-22,308.7794494628906,309.34036245461033,0.010184527353825912
2020-09-23,301.6185302734375,309.6208045281686,-0.02319104850374354
2020-09-24,302.4224853515625,305.50746374408004,0.0026654697819665785
2020-09-25,307.3116760253906,308.10627163018916,0.016166756476934996
2020-09-28,312.4158935546875,313.1357140279997,0.016609253495708964
2020-09-29,310.7145690917969,312.9581924041424,-0.005445703941412305
2020-09-30,313.07037353515625,316.2488420251978,0.007581892443103921
2020-10-01,315.08026123046875,316.669481089299,0.006419923011612649
2020-10-02,312.08880615234375,315.0522788248847,-0.009494263672508718
2020-10-05,317.62310791015625,317.81005988773904,0.017733099197127178
2020-10-06,313.10772705078125,319.87602637009286,-0.014216159803625561
2020-10-07,318.55792236328125,319.3712332831514,0.017406773585041835
2020-10-08,321.381103515625,321.4465495310753,0.008862379348155702
2020-10-09,324.25115966796875,324.7185824068503,0.00893038240564814
2020-10-12,329.4675598144531,330.95396058750157,0.016087529653944665
2020-10-13,327.3174133300781,329.5049480681437,-0.006526125016939166
2020-10-14,325.2607421875,329.00012366118165,-0.006283414993580316
2020-10-15,324.8587646484375,325.34487396818486,-0.001235862454100789
2020-10-16,324.6625061035156,327.8970635893729,-0.000604134985042748
2020-10-19,319.7264404296875,326.5694861347501,-0.015203682535039342
2020-10-20,321.0072326660156,324.27919171533324,0.0040059002771457575
2020-10-21,320.3995666503906,323.1480143438587,-0.0018929978947148651
2020-10-22,322.1571044921875,322.7460617409328,0.0054854563636617115
2020-10-23,323.2508544921875,323.4471640460359,0.003395082662305704
2020-10-26,317.2771911621094,320.6332826945844,-0.01847996145118469
2020-10-27,316.18341064453125,317.95961118922406,-0.003447397254028428
2020-10-28,305.37664794921875,316.2115043495442,-0.03417877830238847
2020-10-29,308.4803466796875,311.6775025031877,0.010163510377469542
2020-10-30,305.264404296875,308.20916140224153,-0.010425112709536055
2020-11-02,308.68597412109375,310.70521515545505,0.011208545038520867
2020-11-03,314.1361083984375,316.2114663922025,0.017655918098843593
2020-11-04,321.1567687988281,325.27008249557827,0.022349103502249834
2020-11-05,327.42022705078125,329.24318689940026,0.019502806294195096
2020-11-06,327.345458984375,328.60750594280904,-0.0002283550624826436
2020-11-09,331.4588623046875,340.63905318330274,0.012565939766125966
2020-11-10,330.9726257324219,332.03833449972905,-0.0014669590334219773
2020-11-11,333.4312744140625,334.2632718677,0.007428555990695029
2020-11-12,330.19671630859375,333.47803259878674,-0.009700823988849971
2020-11-13,334.76812744140625,335.5159923139656,0.01384450815840399
2020-11-16,338.9468688964844,339.1431784222475,0.012482494934675348
2020-11-17,337.1239318847656,338.3392479801234,-0.005378238240269728
2020-11-18,333.06671142578125,337.9466054590558,-0.012034804044618208
2020-11-19,334.46893310546875,334.8428655004106,0.004210032499750271
2020-11-20,332.1786193847656,334.41291369211046,-0.00684761271977663
2020-11-23,334.16973876953125,335.44114300658487,0.005994122645381017
2020-11-24,339.5545959472656,340.1061513887323,0.01611413767614711
2020-11-25,339.03106689453125,339.4984896368671,-0.0015418111225202757
2020-11-27,339.9752502441406,340.45200201380095,0.0027849464011011626
2020-11-30,338.4701843261719,339.4611183466707,-0.004426986720027282
2020-12-01,342.1721496582031,343.7239966571473,0.010937345454522518
2020-12-02,342.8919982910156,343.05090605398885,0.002103761611023991
2020-12-03,342.7984313964844,344.20069937126203,-0.0002728757013800154
2020-12-04,345.75262451171875,345.75262451171875,0.00861787232572686
2020-12-07,345.04205322265625,345.5375200974796,-0.002055143587314734
2020-12-08,346.0517272949219,346.62196928340217,0.0029262348251042347
2020-12-09,342.9480895996094,346.8744237219669,-0.008968710312685202
2020-12-10,342.8357849121094,343.89213600645746,-0.0003274684738180378
2020-12-11,342.433837890625,342.84517212407616,-0.0011724185139757592
2020-12-14,340.9006652832031,345.7057549342707,-0.004477281266554001
2020-12-15,345.509521484375,345.509521484375,0.01351964566376851
2020-12-16,346.0517272949219,346.9772150929157,0.0015692933966551248
2020-12-17,347.98687744140625,348.1925445911866,0.005592083477263365
2020-12-18,346.5973815917969,348.44687852655625,-0.003992954733884613
2020-12-21,345.3581237792969,355.3097313629829,-0.0035754967530583492
2020-12-22,344.77593994140625,345.7992612624015,-0.0016857395202397596
2020-12-23,345.0859375,347.01052858551856,0.0008991275860097403
2020-12-24,346.4283752441406,346.456539006664,0.0038901548810306164
2020-12-28,349.40447998046875,349.79877265593797,0.008590822660617059
2020-12-29,348.7378845214844,351.12252143258945,-0.0019078045565461554
2020-12-30,349.23553466796875,350.27765138004753,0.0014270033987480168
2020-12-31,351.0098571777344,351.74214362403853,0.005080589841616634
2021-01-04,346.2312316894531,352.48384487733864,-0.013613935308550595
2021-01-05,348.6158447265625,349.71428879033505,0.0068873423852422455
2021-01-06,350.7000732421875,353.92028318581686,0.005978582290944834
2021-01-07,355.91058349609375,356.6616362990513,0.014857454136623316
2021-01-08,357.9385070800781,358.1544197473745,0.005697845689398129
2021-01-11,355.525634765625,357.30000906515437,-0.006741024692024311
2021-01-12,355.60076904296875,356.6240907084926,0.00021133293916553164
2021-01-13,356.5583801269531,357.5629068084497,0.002692938731717609
2021-01-14,355.3097229003906,357.8164125177031,-0.0035019713352912873
2021-01-15,352.7185363769531,354.48351318021776,-0.007292754339187968
2021-01-19,355.4880065917969,356.03254408653163,0.007851785288323976
2021-01-20,360.4075622558594,361.2525037596756,0.01383887943570361
2021-01-21,360.7361755371094,361.4027657345719,0.0009117824254107898
2021-01-22,359.4593811035156,360.632919080556,-0.003539413344649134
2021-01-25,360.8769836425781,361.2337150808615,0.003943707171337518
2021-01-26,360.3137512207031,362.24773968136293,-0.0015607324584403504
2021-01-27,351.5074462890625,357.0559366459117,-0.0244406573487852
2021-01-28,354.5304870605469,358.5674458479417,0.00860021829807378
2021-01-29,347.4329528808594,353.62923889213613,-0.020019531292030712
2021-02-01,353.2161560058594,354.2582439511402,0.01664552276071274
2021-02-02,358.210693359375,359.77855258361063,0.014140172437165477
2021-02-03,358.4924011230469,360.22924312786756,0.0007864303575919607
2021-02-04,362.56689453125,362.61382458833737,0.011365633958876131
2021-02-05,363.9938659667969,364.70738612067305,0.00393574663619467
2021-02-08,366.6227111816406,366.6696412467501,0.0072222239456187776
2021-02-09,366.3785705566406,366.97943577644804,-0.0006659178974841584
2021-02-10,366.2189025878906,368.2843406618065,-0.00043580051231550954
2021-02-11,366.8104553222656,367.7305195232784,0.0016152982005974703
2021-02-12,368.6223449707031,368.86642136761486,0.004939580162309332
2021-02-16,368.3031005859375,370.0587372438281,-0.0008660472950737796
2021-02-17,368.3876037597656,368.6410776048561,0.00022943921377183152
2021-02-18,366.81976318359375,367.57081593709944,-0.00425595367534215
2021-02-19,366.1719665527344,368.37822340228036,-0.0017659807237134784
2021-02-22,363.3554992675781,365.78706636941433,-0.007691651853284687
2021-02-23,363.7966613769531,365.1579764734016,0.001214133569642506
2021-02-24,367.8055419921875,368.23742456544716,0.011019564061035991
2021-02-25,358.94305419921875,367.9089027081958,-0.02409557981363153
2021-02-26,357.0934753417969,361.9941706014899,-0.005152847605724431
2021-03-01,365.74951171875,367.00756958868834,0.024240253532126
2021-03-02,362.89544677734375,366.20951635828743,-0.007803332198570212
2021-03-03,358.0885925292969,363.1676382026921,-0.01324583785972977
2021-03-04,353.6573486328125,360.5107976486154,-0.012374713936529114
2021-03-05,360.1634826660156,361.2243655188771,0.01839671664778031
2021-03-08,358.37030029296875,363.96572081237963,-0.004978801181544923
2021-03-09,363.4869689941406,366.05935505407604,0.014277602516137522
2021-03-10,365.74951171875,367.45818981593476,0.006224549757231745
2021-03-11,369.45782470703125,371.4481400243265,0.010138941733250473
2021-03-12,369.9554443359375,370.0962631426303,0.0013468915682077753
2021-03-15,372.1617431640625,372.4246145165114,0.0059636879573032875
2021-03-16,371.6922912597656,373.49482931249094,-0.0012614190279357507
2021-03-17,372.95977783203125,373.7671582322049,0.0034100426672012407
2021-03-18,367.53326416015625,372.45272533559404,-0.014549862999754692
2021-03-19,366.8532409667969,368.8218193496059,-0.0018502357736606134
2021-03-22,369.7825012207031,371.1765310468923,0.0079848286093549
2021-03-23,366.87200927734375,370.6019451485777,-0.00787082118205007
2021-03-24,365.0070495605469,369.9332235216571,-0.005083406936578272
2021-03-25,367.0604553222656,367.86105171901727,0.005625660556942469
2021-03-26,372.9757080078125,373.3807204282329,0.016115200097906124
2021-03-29,372.78729248046875,373.70094180555833,-0.0005051683616343894
2021-03-30,371.7982482910156,372.476421181787,-0.0026531059652601385
2021-03-31,373.3052673339844,374.87826163220427,0.004053324753131138
2021-04-01,377.336669921875,377.3932106851928,0.010799211638993222
2021-04-05,382.7525329589844,383.29885400017923,0.014352866998669
2021-04-06,382.5265808105469,383.5815101611163,-0.0005903348220603899
2021-04-07,382.9692077636719,383.3177080666355,0.0011571142381454624
2021-04-08,384.787109375,384.8436213885164,0.004746861038629424
2021-04-09,387.5846252441406,387.7541900539522,0.0072702951865630805
2021-04-12,387.725830078125,387.9989618616138,0.00036432000855413094
2021-04-13,388.8749694824219,389.5060586179823,0.0029637937819755322
2021-04-14,387.5468444824219,389.91100661254103,-0.0034153008144691688
2021-04-15,391.7101135253906,391.98327408371046,0.010742621446263811
2021-04-16,393.01934814453125,393.63158073695655,0.003342355925808338
2021-04-19,391.0884704589844,392.52958434042637,-0.004912932899264755
2021-04-20,388.2250061035156,390.9753526745583,-0.007321781570569397
2021-04-21,391.89849853515625,392.10571882633735,0.009462276705228811
2021-04-22,388.31927490234375,392.56727686382516,-0.009133037371133024
2021-04-23,392.5295715332031,393.9518576113364,0.010842358087731263
2021-04-26,393.3489685058594,393.92354555457786,0.0020874783254054563
2021-04-27,393.2642822265625,393.8482876457861,-0.00021529554181509702
2021-04-28,393.1512451171875,394.66772751504794,-0.00028743294136712727
2021-04-29,395.6566467285156,396.27830753244,0.006372615227458578
2021-04-30,393.0570068359375,394.2249887660471,-0.006570444131479225
2021-05-03,393.90484619140625,395.4495560861126,0.0021570391590108873
2021-05-04,391.474609375,392.3976867595417,-0.006169603750509234
2021-05-05,391.59710693359375,393.3678933993313,0.0003129131638686111
2021-05-06,394.72412109375,394.85597284179886,0.007985284121842406
2021-05-07,397.5970153808594,398.25636051367763,0.007278233413121171
2021-05-10,393.659912109375,398.18104615174525,-0.009902245538017995
2021-05-11,390.1465148925781,391.144932028358,-0.008924955548485491
2021-05-12,381.8578186035156,388.6206915370808,-0.02124508607066422
2021-05-13,386.4448547363281,388.3946053507644,0.012012419045360101
2021-05-14,392.37884521484375,393.23598237358675,0.01535533571164871
2021-05-17,391.3804626464844,392.1999443668636,-0.002544435258258426
2021-05-18,388.0084533691406,391.889098423843,-0.008615681157261856
2021-05-19,386.9911193847656,387.1700836550942,-0.0026219376808451766
2021-05-20,391.1544189453125,392.42599680734656,0.010758126871659668
2021-05-21,390.8341369628906,393.90475704228044,-0.0008188121286868411
2021-05-24,394.81842041015625,395.901605655156,0.010194307688235371
2021-05-25,393.94244384765625,396.26895097253737,-0.0022186821009769764
2021-05-26,394.72412109375,395.2327290793563,0.001984242262547564
2021-05-27,394.9313659667969,396.27828325378084,0.0005250372651983692
2021-05-28,395.63787841796875,396.7775756907341,0.001788949959551367
2021-06-01,395.28936767578125,398.16216703605545,-0.0008808831540121353
2021-06-02,395.9110412597656,396.7587790236985,0.0015727050480505156
2021-06-03,394.4416198730469,395.5907453365851,-0.0037114938296318734
2021-06-04,398.0491638183594,398.3505803966398,0.009145951551648102
2021-06-07,397.6629638671875,398.218684493066,-0.0009702317861119969
2021-06-08,397.7477111816406,398.62367608473096,0.00021311342054319837
2021-06-09,397.1542663574219,398.670748464829,-0.0014920131720073115
2021-06-10,399.0004577636719,399.9612194878292,0.004648549852385386
2021-06-11,399.6597900390625,399.77281406304684,0.00165245994725427
2021-06-14,400.5546875,400.6582832934276,0.0022391481035659577
2021-06-15,399.8199157714844,400.74296443887135,-0.0018343855444598045
2021-06-16,397.587646484375,400.1873144028555,-0.005583186827504694
2021-06-17,397.4557800292969,398.44476909503226,-0.0003316663790843277
2021-06-18,392.0939025878906,394.84378856528497,-0.013490500606158085
2021-06-21,397.7071228027344,397.8961316944145,0.014316009960357645
2021-06-22,399.8333435058594,400.6743955844537,0.005346197191895996
2021-06-23,399.3513488769531,400.721562164144,-0.0012054888286203713
2021-06-24,401.71380615234375,402.13903281565524,0.005915736310980968
2021-06-25,403.1407470703125,403.5943510511729,0.003552133125908963
2021-06-28,403.95343017578125,404.12352084549076,0.002015879345798277
2021-06-29,404.1708068847656,404.98348157153146,0.0005381231913039741
2021-06-30,404.5110168457031,405.1914084440255,0.000841747981650931
2021-07-01,406.7506408691406,406.9113013060619,0.005536620586755969
2021-07-02,409.859619140625,410.2187186889575,0.0076434502102840085
2021-07-06,409.1130676269531,410.13366936901446,-0.0018214810115648739
2021-07-07,410.55889892578125,410.8424122288662,0.0035340628624125348
2021-07-08,407.21368408203125,407.97912100687654,-0.008147953564038413
2021-07-09,411.560546875,411.86294950331046,0.010674648134106235
2021-07-12,413.0348205566406,413.2899854510831,0.003582155026362166
2021-07-13,411.62677001953125,413.75299018145046,-0.0034090359142402438
2021-07-14,412.2410888671875,413.8286888260553,0.0014924171419343768
2021-07-15,410.8330078125,411.57009635669465,-0.003415673722764523
2021-07-16,407.610595703125,412.0709344744528,-0.007843605669692666
2021-07-19,401.5910339355469,407.67675111926087,-0.014767922696402036
2021-07-20,407.345947265625,408.6311441190771,0.014330283407178346
2021-07-21,410.64398193359375,410.7857530174931,0.008096397399083743
2021-07-22,411.5039367675781,411.7496425597341,0.0020941615409413306
2021-07-23,415.737548828125,416.0777302775092,0.010288144735145277
2021-07-26,416.7580261230469,416.76748521847964,0.002454619020577642
2021-07-27,414.8586730957031,415.73750391705346,-0.004557447987295515
2021-07-28,414.6884765625,416.07760808361587,-0.00041025183813347965
2021-07-29,416.4084167480469,417.4951457718478,0.004147547575481303
2021-07-30,414.3860778808594,415.8507955565969,-0.00485662341549431
2021-08-02,413.5166931152344,416.67294497706865,-0.0020980066947976495
2021-08-03,416.88092041015625,417.00377330816036,0.008135650509239145
2021-08-04,414.830322265625,416.85257905279195,-0.004918906201113127
2021-08-05,417.4573669433594,417.54241229246264,0.006332817387568523
2021-08-06,418.1471862792969,418.57244186092436,0.0016524306206124884
2021-08-09,417.8069763183594,418.4401012607653,-0.000813612938460051
2021-08-10,418.32672119140625,419.04492033884367,0.0012439832327042488
2021-08-11,419.36614990234375,419.4606543295677,0.002484729419094167
2021-08-12,420.6230773925781,420.7648484891693,0.0029972077873405834
2021-08-13,421.3884582519531,421.40734760295675,0.001819635917552409
2021-08-16,422.3807067871094,422.5129899290873,0.002354712179997609
2021-08-17,419.6118469238281,420.48121842333336,-0.006555365381962885
2021-08-18,415.0193176269531,420.1695074920239,-0.010944708378809564
2021-08-19,415.66180419921875,416.8714147677765,0.0015480883539091828
2021-08-20,418.9693603515625,419.30011152026077,0.007957325207486488
2021-08-23,422.65484619140625,423.57148462942934,0.00879655217926012
2021-08-24,423.3257141113281,423.86436347828584,0.001587271330181439
2021-08-25,424.2140197753906,424.73375097001616,0.002098397603668589
2021-08-26,421.7098083496094,424.1667508989434,-0.005903179312902407
2021-08-27,425.48028564453125,425.85827457808426,0.008940928620270627
2021-08-30,427.35137939453125,428.14516482443,0.00439760386821586
2021-08-31,426.71820068359375,427.5970314113019,-0.0014816348828324832
2021-09-01,426.9449768066406,428.1829070686637,0.0005314423492683851
2021-09-02,428.258544921875,429.0712196793282,0.003076668391930326
2021-09-03,428.15460205078125,428.67436208841707,-0.00024271055960534138
2021-09-07,426.62371826171875,427.8994561664255,-0.0035755397273083966
2021-09-08,426.10394287109375,426.82214196874787,-0.0012183462109017773
2021-09-09,424.2801513671875,427.67265025884586,-0.004280156366583965
2021-09-10,420.9349365234375,426.6520953184334,-0.007884448124595211
2021-09-13,422.0121154785156,424.2234095652315,0.0025590153290071527
2021-09-14,419.7347412109375,423.6753194686664,-0.005396466556406354
2021-09-15,423.24072265625,423.74156454227085,0.008352850267284717
2021-09-16,422.56976318359375,423.69427095233397,-0.0015852904428603765
2021-09-17,418.45343017578125,422.2170474199511,-0.009741191553320094
2021-09-20,411.47607421875,413.8650594874036,-0.016674151659123115
2021-09-21,411.08740234375,415.14490196417194,-0.000944579525645417
2021-09-22,415.0974426269531,417.1546459669557,0.009754714594367275
2021-09-23,420.1409606933594,421.7620859387947,0.012150202695753176
2021-09-24,420.83294677734375,421.5534467584412,0.0016470331358371393
2021-09-27,419.6289978027344,420.9656722966532,-0.00286087147840719
2021-09-28,411.17266845703125,417.1641243937029,-0.020151918456499107
2021-09-29,411.86480712890625,414.3201605923596,0.0016833285015571686
2021-09-30,406.8308410644531,414.0641653463929,-0.01222237486019917
2021-10-01,411.6656188964844,413.3625721758853,0.011884000287149643
2021-10-04,406.35675048828125,411.4001631747813,-0.012896069442073221
2021-10-05,410.5849609375,412.8506998596454,0.010405168473608617
2021-10-06,412.2912902832031,412.4998545242253,0.004155849600060879
2021-10-07,415.8559265136719,418.7189190793424,0.008645916890507754
2021-10-08,415.0974426269531,417.0219390362654,-0.0018239102495845039
2021-10-11,412.09228515625,417.3727310686994,-0.007239643423686104
2021-10-12,411.0779724121094,413.42905838438793,-0.002461372805744322
2021-10-13,412.55682373046875,413.3815914777197,0.0035974958951991987
2021-10-14,419.4962158203125,419.6479015395719,0.016820451609782072
2021-10-15,422.6910705566406,423.06080996742446,0.0076159321963862325
2021-10-18,423.9425048828125,424.28377613402415,0.0029606358244660402
2021-10-19,427.213134765625,427.27947377226906,0.007714795862982848
2021-10-20,428.8910827636719,429.19445423350123,0.003927660133781652
2021-10-21,430.009765625,430.23727977934436,0.002608314572827286
2021-10-22,429.5641174316406,431.0335565531712,-0.0010363676106556197
2021-10-25,431.8677978515625,432.1996085621548,0.005362832523571948
2021-10-26,432.25653076171875,434.6550054429738,0.0009001201573493045
2021-10-27,430.3414611816406,433.3940673033118,-0.004430400569549353
2021-10-28,434.49383544921875,434.5696638486182,0.009649022095562065
2021-10-29,435.37548828125,435.66937034644053,0.0020291492308970316
2021-11-01,436.1244201660156,436.7501129516395,0.0017201976338223623
2021-11-02,437.88775634765625,438.20061723732414,0.004043195244534559
2021-11-03,440.5611267089844,440.96876584055,0.006105149830235579
2021-11-04,442.63726806640625,442.7225858638992,0.004712493299013465
2021-11-05,444.173095703125,446.1828811950466,0.003469720576009694
2021-11-08,444.55230712890625,445.7847429898878,0.000853746950118639
2021-11-09,443.0828552246094,445.15900851433014,-0.003305464578031714
2021-11-10,439.5182800292969,443.0828222028137,-0.008044940473956097
2021-11-11,439.6605224609375,441.10152251935335,0.00032363257253176236
2021-11-12,442.9786071777344,443.5379321122341,0.00754692438207627
2021-11-15,443.1302490234375,444.4385131848227,0.00034232318050131383
2021-11-16,444.884033203125,446.0311221054365,0.0039577171352045415
2021-11-17,443.8033447265625,444.7987479817009,-0.002429146464937526
2021-11-18,445.3106994628906,445.57614226905844,0.003396447445110695
2021-11-19,444.5143737792969,446.4577912366508,-0.001788247362019879
2021-11-22,443.2629699707031,448.9226154363342,-0.0028152156204853673
2021-11-23,443.8507080078125,444.7134042798618,0.0013259353407035768
2021-11-24,445.0357971191406,445.15904359654127,0.0026700173953699835
2021-11-26,435.11004638671875,439.7837491039773,-0.022303263685021335
2021-11-29,440.4473571777344,442.3054567152702,0.012266576778307448
2021-11-30,431.8773193359375,439.90700025957676,-0.019457575808176752
2021-12-01,427.0803527832031,440.51372533294676,-0.011107243510981912
2021-12-02,433.6216735839844,435.2048699703092,0.01531637022905108
2021-12-03,429.8486328125,436.3709465328942,-0.008701227363243413
2021-12-06,434.9394226074219,436.835450918879,0.011843215044358368
2021-12-07,443.93603515625,444.5048493942243,0.02068474845277124
2021-12-08,445.111572265625,445.5666294513225,0.0026479875844303002
2021-12-09,442.1064147949219,445.2159001211101,-0.006751470098624535
2021-12-10,446.2681884765625,446.4198742179919,0.009413511187280843
2021-12-13,442.3149719238281,446.09753915015983,-0.008858387523048794
2021-12-14,439.2718200683594,441.528098361038,-0.006880056178593108
2021-12-15,446.13543701171875,446.3819010022353,0.015624988059309786
2021-12-16,442.2012023925781,448.28743690413575,-0.008818475944194715
2021-12-17,437.4949645996094,442.128009512338,-0.010642752139761624
2021-12-20,432.84283447265625,433.2423829997839,-0.010633562677025754
2021-12-21,440.5296936035156,440.67238950816954,0.01775900747028536
2021-12-22,444.9344177246094,445.0485744466195,0.009998699713209547
2021-12-23,447.7028503417969,449.2154850278875,0.006222113882187852
2021-12-27,454.038818359375,454.0863739852132,0.014152172613466574
2021-12-28,453.6677551269531,455.51336621916977,-0.0008172500178788011
2021-12-29,454.2481384277344,455.2755780664435,0.0012793135377646703
2021-12-30,452.9923095703125,455.69412511630117,-0.002764631819446972
2021-12-31,451.8507080078125,453.6582572809773,-0.002520134532930318
2022-01-03,454.46685791015625,454.60006010076347,0.005789854604584477
2022-01-04,454.3146667480469,456.62645651980097,-0.0003348784613452782
2022-01-05,445.59088134765625,454.72379721941445,-0.01920207741219293
2022-01-06,445.1722412109375,447.9121185919926,-0.000939516839870258
2022-01-07,443.4122619628906,446.37095917182285,-0.003953479316813335
2022-01-10,442.8604431152344,443.0792337967704,-0.001244482606803543
2022-01-11,446.8941345214844,446.9892747898771,0.009108267556875438
2022-01-12,448.1023864746094,450.17634006108017,0.0027036648275071684
2022-01-13,441.92816162109375,449.87189583965556,-0.013778602926198591
2022-01-14,442.10888671875,442.46087959386074,0.00040894677766933896
2022-01-18,434.2793273925781,437.58049462168793,-0.01770957237318027
2022-01-19,429.76995849609375,437.24751373310744,-0.010383567929790116
2022-01-20,425.0132751464844,436.41988962546833,-0.0110679754495977
2022-01-21,416.66998291015625,426.2595251893623,-0.01963066267389535
2022-01-24,418.439453125,418.9531873967836,0.004246694716248056
2022-01-25,413.3307800292969,418.325340272943,-0.012208870500977853
2022-01-26,412.2938232421875,422.43516251974654,-0.0025087819180460436
2022-01-27,410.25787353515625,420.10429685224346,-0.004938103828529328
2022-01-28,420.4468078613281,420.49436348392175,0.024835438838442636
2022-01-31,428.01947021484375,428.37146308619947,0.01801098786320976
2022-02-01,430.91162109375,431.5585285633514,0.006757054480382774
2022-02-02,435.0975341796875,435.83005919712076,0.009714087253698933
2022-02-03,424.87054443359375,430.93060546469786,-0.02350505103499434
2022-02-04,426.8684387207031,430.7499128698522,0.004702360079522183
2022-02-07,425.49847412109375,429.04697155726353,-0.0032093368245145193
2022-02-08,428.9993591308594,429.93168734037675,0.008227726355533926
2022-02-09,435.2782897949219,435.6017435295236,0.01463622387871033
2022-02-10,427.4582214355469,435.43998863039553,-0.01796567516165204
2022-02-11,419.029296875,429.6367849403057,-0.019718709660653477
2022-02-14,417.6593322753906,420.11381781584214,-0.003269376651766742
2022-02-15,424.3949279785156,424.56616307743894,0.016127008742818694
2022-02-16,424.87054443359375,426.2594995520665,0.0011206930708234086
2022-02-17,415.7947692871094,424.84206791545404,-0.021361271722386665
2022-02-18,413.10247802734375,417.3169286772456,-0.0064750484100163375
2022-02-22,408.6690979003906,414.31056428782017,-0.01073191366007653
2022-02-23,401.4199523925781,412.17965982281106,-0.017738423445903484
2022-02-24,407.4609375,407.89857698071773,0.015049040466015295
2022-02-25,416.4511413574219,416.536758896274,0.02206396498418184
2022-02-28,415.3856506347656,416.879268816244,-0.0025585011465769636
2022-03-01,409.05926513671875,415.8994368653212,-0.015230149352485567
2022-03-02,416.5843811035156,418.32532928258536,0.018396150895841012
2022-03-03,414.51043701171875,419.64769315408364,-0.004978448991061701
2022-03-04,411.1426696777344,412.28426594780655,-0.008124686457265606
2022-03-07,399.02252197265625,411.26632427366525,-0.029479177421740888
2022-03-08,395.99725341796875,406.42398378120083,-0.007581698746555454
2022-03-09,406.6142883300781,408.61211823568055,0.026810880177755347
2022-03-10,404.7781982421875,405.6819583876489,-0.004515557226066114
2022-03-11,399.6313781738281,407.9080597079129,-0.01271516126785055
2022-03-14,396.7107849121094,403.893426598981,-0.007308218076029993
2022-03-15,405.43463134765625,406.07201611343,0.02199044434216635
2022-03-16,414.4248352050781,414.4819135729484,0.022174237626269466
2022-03-17,419.60968017578125,419.60968017578125,0.012510941744447779
2022-03-18,424.2055358886719,424.5299944783409,0.01095269229958018
2022-03-21,424.08148193359375,426.056861223839,-0.0002924383219522486
2022-03-22,429.0438537597656,429.9886017052283,0.01170145841677872
2022-03-23,423.5184326171875,427.99410304889057,-0.012878453086224595
2022-03-24,429.90264892578125,429.91220124625585,0.015074234831153888
2022-03-25,432.0021057128906,432.27886089061775,0.004883563272651159
2022-03-28,435.07501220703125,435.07501220703125,0.007113174805177591
2022-03-29,440.45721435546875,440.95346906287335,0.012370745267890504
2022-03-30,437.7374572753906,440.12320746956016,-0.006174849659479453
2022-03-31,431.0002136230469,437.7948272909514,-0.015391060418448954
2022-04-01,432.2216491699219,432.73695029721745,0.0028339557806884574
2022-04-04,435.9242858886719,436.0292740464502,0.008566523046360297
2022-04-05,430.41802978515625,436.9072596730443,-0.01263122125047611
2022-04-06,426.1141052246094,428.4139721495732,-0.00999940583970238
2022-04-07,428.26129150390625,430.0935607072761,0.005038993670873904
2022-04-08,427.11614990234375,430.03630620090996,-0.002673932069697793
2022-04-11,419.81573486328125,424.66356681189893,-0.017092341370682607
2022-04-12,418.2602233886719,425.3792943956459,-0.0037052243292309273
2022-04-13,423.05084228515625,423.81427083740437,0.011453680337258909
2022-04-14,417.7831115722656,424.405957589073,-0.012451767462360763
2022-04-18,417.95489501953125,419.65354835392026,0.00041117853380701064
2022-04-19,424.7017822265625,425.42703059727864,0.016142620381838002
2022-04-20,424.3868408203125,427.1161545814654,-0.0007415589466068795
2022-04-21,418.04071044921875,429.4446085927282,-0.014953645496705525
2022-04-22,406.570068359375,418.05982188355927,-0.027439055104268695
2022-04-25,408.9272155761719,409.0989826342427,0.005797640801027626
2022-04-26,397.0842590332031,406.57000391745606,-0.028961037788307165
2022-04-27,398.2008056640625,403.59262470913546,0.0028118632392477583
2022-04-28,408.2591857910156,410.00557154952264,0.02525956749429281
2022-04-29,393.171630859375,406.40776823858903,-0.03695582477197168
2022-05-02,395.5382995605469,396.9124939775019,0.006019428960321704
2022-05-03,397.3514709472656,399.7849244958309,0.004584060225604425
2022-05-04,409.4520263671875,410.02461229063664,0.030453027872464622
2022-05-05,394.8989562988281,405.57757767376717,-0.03554279654561654
2022-05-06,392.5418395996094,395.8437101273166,-0.005968910936890559
2022-05-09,379.97369384765625,387.83711756374765,-0.03201734053310745
2022-05-10,380.8516540527344,387.5222029690251,0.00231058154628494
2022-05-11,374.80145263671875,385.57551146018835,-0.015885979098774983
2022-05-12,374.4101867675781,377.71205774428665,-0.0010439283689752665
2022-05-13,383.3614807128906,384.75475086211435,0.02390772009328157
2022-05-16,381.8059387207031,385.5086279158412,-0.004057637687789772
2022-05-17,389.65985107421875,389.89842611590467,0.020570430045774746
2022-05-18,373.9521179199219,385.34646632966593,-0.04031139752015411
2022-05-19,371.66180419921875,376.12795194712874,-0.006124617593939008
2022-05-20,371.8239440917969,378.8857588451899,0.00043625653953727195
2022-05-23,378.7807922363281,379.55377295429207,0.018710059572746962
2022-05-24,375.8893127441406,377.0917111701148,-0.007633648673461391
2022-05-25,379.2102966308594,381.19525751700854,0.008835004811587277
2022-05-26,386.78741455078125,388.4383643930672,0.019981308490939487
2022-05-27,396.2827453613281,396.39725673577,0.02454922381994984
2022-05-31,394.0591735839844,397.4278521164115,-0.005611073919749687
2022-06-01,390.8718566894531,397.21794786485407,-0.008088422014243424
2022-06-02,398.31536865234375,398.3630720124762,0.019043356116591692
2022-06-03,391.7784118652344,395.1184625618482,-0.01641151032968291
2022-06-06,392.97125244140625,397.57095686147466,0.0030446817385696434
2022-06-07,396.7407531738281,397.198827751018,0.009592306584777388
2022-06-08,392.42730712890625,396.8170936242629,-0.0108722030958891
2022-06-09,383.09429931640625,392.92358036094004,-0.02378276853561123
2022-06-10,371.9861755371094,377.6929007452579,-0.028995795027799254
2022-06-13,357.8625793457031,364.3613614567866,-0.03796806741813252
2022-06-14,356.78424072265625,360.66824984848057,-0.0030132757244930586
2022-06-15,361.8706359863281,366.35582930999794,0.014256221780899025
2022-06-16,349.8941345214844,353.9880902064775,-0.033096085379241025
2022-06-17,350.6484680175781,354.0221341889106,0.002155890658542603
2022-06-21,359.4754638671875,360.87475225417563,0.025173347824713366
2022-06-22,358.82379150390625,362.97374780143286,-0.0018128424017335165
2022-06-23,362.3412170410156,363.0791918548647,0.009802654172865966
2022-06-24,373.8614501953125,373.8710437802733,0.03179387994657201
2022-06-27,372.4333801269531,375.0881998109352,-0.0038197842211689093
2022-06-28,364.8235168457031,376.81339161688345,-0.020432817484447807
2022-06-29,364.5263977050781,366.3761460472817,-0.0008144188269273434
2022-06-30,361.56488037109375,364.8331045358534,-0.008124287713123013
2022-07-01,365.3890380859375,365.8299335596362,0.010576684635185796
2022-07-05,366.0790710449219,366.09825821521906,0.0018884883974601419
2022-07-06,367.3154296875,369.82649200256554,0.0033772994425742553
2022-07-07,372.81671142578125,373.62178271338274,0.014976996046590196
2022-07-08,372.5101013183594,374.3981948912325,-0.0008224151386596601
2022-07-11,368.254638671875,370.7848585256378,-0.01142375101084181
2022-07-12,364.99603271484375,370.1044410878439,-0.008848784549689737
2022-07-13,363.0792236328125,366.0407752297163,-0.005251588812552277
2022-07-14,362.19744873046875,363.29003516583515,-0.002428601927483176
2022-07-15,369.1173095703125,369.232315605304,0.01910521695859102
2022-07-18,366.0694885253906,372.9126100212118,-0.008257052611457927
2022-07-19,375.96038818359375,376.53544754043486,0.027019186160654574
2022-07-20,378.3564147949219,379.7844841146986,0.006373082608261527
2022-07-21,382.2093200683594,382.257229494255,0.010183269326954125
2022-07-22,378.6631164550781,383.5414831409363,-0.009278171481132413
2022-07-25,379.1231994628906,379.98577387251356,0.0012150193346520677
2022-07-26,374.6377868652344,377.67596982554784,-0.01183101589143265
2022-07-27,384.36572265625,386.1292163402448,0.02596624294739125
2022-07-28,389.1866760253906,389.886305811073,0.012542620439263574
2022-07-29,394.8605041503906,395.8572718100489,0.014578680295390889
2022-08-01,393.6911926269531,396.2214420202733,-0.0029613281428424454
2022-08-02,391.0939025878906,395.82851231479935,-0.00659727747967076
2022-08-03,397.21820068359375,398.3970415915023,0.015659405721179187
2022-08-04,396.9498291015625,397.8315613543167,-0.000675627606110174
2022-08-05,396.2789306640625,396.93065090887455,-0.0016901340882763405
2022-08-08,395.8189392089844,400.2564405155105,-0.001160776966636301
2022-08-09,394.2470703125,395.58885585754615,-0.003971181620631037
2022-08-10,402.5278625488281,402.6716493250059,0.02100406790534759
2022-08-11,402.5278625488281,407.2816592803511,0.0
2022-08-12,409.34222412109375,409.44763654859537,0.016928918979960184
2022-08-15,411.0290832519531,411.55623320689836,0.0041209018553638455
2022-08-16,411.8341369628906,413.7797333593474,0.0019586295562545875
2022-08-17,408.91094970703125,411.64245965460236,-0.0070979722016651925
2022-08-18,410.09942626953125,410.7894624053944,0.0029064434771226555
2022-08-19,404.5884704589844,407.57874384814335,-0.013438096855382775
2022-08-22,396.1639404296875,399.88262435508824,-0.020822466887748137
2022-08-23,395.2055358886719,398.14790007393015,-0.00241921195547512
2022-08-24,396.4706726074219,397.8507741826976,0.003201212037440726
2022-08-25,402.0678405761719,402.11575000266055,0.01411748297027815
2022-08-26,388.4582214355469,402.4991052216598,-0.03384906169347468
2022-08-29,385.8896789550781,388.9662071746011,-0.00661214601399529
2022-08-30,381.6534118652344,387.2985343753409,-0.010977922761020276
2022-08-31,378.7493896484375,384.5574275530069,-0.007609056087312882
2022-09-01,379.93780517578125,380.2828231863137,0.003137735821691745
2022-09-02,375.93157958984375,384.86408306326297,-0.010544424722577883
2022-09-06,374.51324462890625,377.73353069828687,-0.0037728539924338778
2022-09-07,381.24127197265625,382.0175917988936,0.017964724719993885
2022-09-08,383.73321533203125,384.1932394249525,0.006536394515947785
2022-09-09,389.694580078125,390.566748031032,0.015535180453262631
2022-09-12,393.8829040527344,394.61131452723043,0.010747709074552025
2022-09-13,376.75592041015625,386.3401461684979,-0.04348242451336526
2022-09-14,378.19354248046875,379.72702440373104,0.003815791583971384
2022-09-15,373.8997497558594,379.49693317799216,-0.011353426862996008
2022-09-16,371.0473327636719,371.71136317944473,-0.0076288282996980206
2022-09-19,373.9247741699219,373.9247741699219,0.007754917370832226
2022-09-20,369.6326904296875,371.58627921750997,-0.01147846849613643
2022-09-21,363.1848449707031,374.65615310616454,-0.017443926432721413
2022-09-22,360.1341857910156,364.06059976527723,-0.008399742505592722
2022-09-23,354.10015869140625,356.66964188429637,-0.016754941179371707
2022-09-26,350.5971984863281,356.2751138470263,-0.009892568865327522
2022-09-27,349.70220947265625,356.45796277654676,-0.0025527557480091723
2022-09-28,356.58306884765625,358.28643461129496,0.019676339435704904
2022-09-29,349.1343994140625,353.2917699930331,-0.020889016008710293
2022-09-30,343.7355651855469,352.13697434058156,-0.015463484083998225
2022-10-03,352.8105773925781,354.67755704082526,0.026401144153159084
2022-10-04,363.7430419921875,363.7719116040674,0.03098678242700381
2022-10-05,362.8961486816406,365.17693605010476,-0.0023282735689142964
2022-10-06,359.1526184082031,364.4648328856908,-0.010315706813195158
2022-10-07,349.1343994140625,359.23917382213097,-0.02789404414909258
2022-10-10,346.4686584472656,350.50094712307487,-0.0076352859279139595
2022-10-11,344.27447509765625,349.36536503107385,-0.006332992310019714
2022-10-12,343.138916015625,346.2762175212239,-0.0032984120641216252
2022-10-13,352.1947326660156,353.67677462566536,0.026391109337124075
2022-10-14,344.1686096191406,356.3232139886059,-0.02278887871524793
2022-10-17,353.01275634765625,354.12909701053803,0.025697133559921648
2022-10-18,357.1605224609375,361.3179229746476,0.011749621051077241
2022-10-19,354.6294860839844,357.8533963767061,-0.0070865513341552555
2022-10-20,351.65582275390625,358.642562804113,-0.008385268136936297
2022-10-21,360.2015380859375,360.69232145002604,0.02430136166979291
2022-10-24,364.60919189453125,365.7544022149723,0.012236632392008673
2022-10-25,370.4314270019531,370.74899271065016,0.015968426569745064
2022-10-26,367.6405944824219,372.9913113730217,-0.007534005799989862
2022-10-27,365.6773681640625,370.50840221231954,-0.005340069480420873
2022-10-28,374.37713623046875,374.8583160500195,0.023790829905839583
2022-10-31,371.6728515625,373.7804212016479,-0.007223423671642082
2022-11-01,370.0464782714844,375.6955534186053,-0.004375819444918827
2022-11-02,360.75970458984375,374.001780837233,-0.02509623581615983
2022-11-03,357.0450134277344,360.1149426332723,-0.01029685720120177
2022-11-04,362.1839904785156,364.6091257571973,0.01439307890466135
2022-11-07,365.64849853515625,366.24515671758894,0.009565602422302977
2022-11-08,367.621337890625,370.6238949042184,0.005395453183514309
2022-11-09,360.0475769042969,366.7937266309923,-0.020602071223029705
2022-11-10,379.83367919921875,380.1705109031337,0.05495413263170268
2022-11-11,383.5099182128906,384.3182967202035,0.009678549362506006
2022-11-14,380.24749755859375,385.11703449189224,-0.008506743892046753
2022-11-15,383.4906921386719,387.16691309437977,0.00852916745251786
2022-11-16,380.5650634765625,382.807348115334,-0.007628943080192019
2022-11-17,379.400634765625,380.0839312190446,-0.0030597362256538085
2022-11-18,381.12322998046875,382.8362287083883,0.004540306623123769
2022-11-21,379.7373962402344,380.9211088878687,-0.0036361828175768274
2022-11-22,384.8475646972656,385.01117873734574,0.013457111434446167
2022-11-23,387.27276611328125,387.7635495421898,0.006301719533871486
2022-11-25,387.1861267089844,387.7443117261016,-0.00022371674922150309
2022-11-28,381.00775146484375,385.7233071199727,-0.015957119374745532
2022-11-29,380.3533630371094,382.3454249198843,-0.0017175199854031487
2022-11-30,392.33477783203125,392.33477783203125,0.03150074630404376
2022-12-01,392.0459899902344,394.5673670023016,-0.0007360750514971981
2022-12-02,391.5937194824219,392.5079434136724,-0.0011536159515973532
2022-12-05,384.54925537109375,389.68825192816416,-0.017989216274047926
2022-12-06,379.006103515625,384.9342427259938,-0.014414673225981334
2022-12-07,378.361328125,380.74799065885765,-0.0017012269318201767
2022-12-08,381.3253173828125,382.40315531955406,0.007833753181121228
2022-12-09,378.4767761230469,382.6534131944696,-0.007470107884040567
2022-12-12,383.933349609375,383.933349609375,0.014417195005260064
2022-12-13,386.8397216796875,395.03901557911763,0.007569991180160551
2022-12-14,384.3663635253906,390.23676212158756,-0.006393754352726155
2022-12-15,374.9641418457031,380.37259761113387,-0.024461614157520795
2022-12-16,370.5372619628906,373.73729710162263,-0.011806141944725401
2022-12-19,367.395263671875,371.0690407612983,-0.00847957442760583
2022-12-20,367.8979797363281,369.5318381217321,0.0013683248374756207
2022-12-21,373.3989562988281,374.5397481095209,0.01495245112909438
2022-12-22,368.0719909667969,373.3795966336273,-0.01426614949552274
2022-12-23,370.1892395019531,370.3342504077494,0.005752267456143434
2022-12-27,368.7294006347656,370.42126340728043,-0.003943493520102148
2022-12-28,364.1468811035156,370.65331259779833,-0.01242786586413025
2022-12-29,370.7016296386719,371.5814018021739,0.018000287453493025
2022-12-30,369.7251281738281,369.87013906121945,-0.0026341979283867056
2023-01-03,368.168701171875,373.5923159524912,-0.004209686827727266
2023-01-04,371.01104736328125,373.0606137298058,0.007720227662914025
2023-01-05,366.7765197753906,369.1547871931726,-0.011413481129429304
2023-01-06,375.1873779296875,376.31852172808703,0.022931833693845993
2023-01-09,374.9747314453125,380.62074439964675,-0.0005667740891188711
2023-01-10,377.6044006347656,377.6720822226874,0.007012923722399256
2023-01-11,382.38037109375,382.45772992606743,0.012648079447580063
2023-01-12,383.7724609375,385.2516311546542,0.003640589185496479
2023-01-13,385.2613220214844,385.8413951573975,0.0038795412269740925
2023-01-17,384.5555419921875,386.93383876956204,-0.001831951428691636
2023-01-18,378.4841613769531,386.82746578377805,-0.01578804607464923
2023-01-19,375.72894287109375,378.0878560993273,-0.007279613751433267
2023-01-20,382.7283630371094,382.8830511722103,0.018628908682227996
2023-01-23,387.3205871582031,389.2734696714771,0.011998651170382457
2023-01-24,386.9048156738281,387.823237660935,-0.0010734556802816098
2023-01-25,387.0498352050781,387.38821363050886,0.0003748196594488551
2023-01-26,391.3037109375,391.46807631163625,0.010990511674466852
2023-01-27,392.2027893066406,394.6004111857318,0.002297648460799273
2023-01-30,387.2818908691406,391.6710745979234,-0.012546821623067639
2023-01-31,392.9762268066406,393.0245539413983,0.014703336437241532
2023-02-01,397.1526794433594,399.92735910448135,0.010627748835233541
2023-02-02,402.9340515136719,404.41322184036386,0.014557051656847841
2023-02-03,398.65118408203125,403.11769674520224,-0.010629202013459738
2023-02-06,396.2149658203125,397.6264841936536,-0.006111152704408984
2023-02-07,401.3968505859375,402.65365109372783,0.013078468035392365
2023-02-08,397.0076904296875,400.7587967252585,-0.010934714983047211
2023-02-09,393.56591796875,400.79743290827975,-0.00866928410684542
2023-02-10,394.4843444824219,394.8710500180244,0.002333602763196607
2023-02-13,399.1152648925781,399.25062808158475,0.01173917412675074
2023-02-14,398.9316101074219,401.26152100489657,-0.0004601547505472814
2023-02-15,400.22705078125,400.30438009443037,0.0032472750742396084
2023-02-16,394.71636962890625,399.1925593128779,-0.013768887289319465
2023-02-17,393.73028564453125,393.9719803089983,-0.002498208993212181
2023-02-21,385.83172607421875,390.7333013957311,-0.020060838239513767
2023-02-22,385.29998779296875,387.8039410623445,-0.0013781611135516014
2023-02-23,387.34954833984375,388.83839576375095,0.005319389078144221
2023-02-24,383.21173095703125,384.0528236727956,-0.01068238597552762
2023-02-27,384.51690673828125,387.9586365836898,0.0034058868135129483
2023-02-28,383.0956726074219,386.01533316853664,-0.003696155112957733
2023-03-01,381.626220703125,383.511450999788,-0.0038357308875235363
2023-03-02,384.5942077636719,385.44497768602304,0.0077772094775838685
2023-03-03,390.76220703125,391.01357888421916,0.0160376811274503
2023-03-06,391.03302001953125,393.9140314472228,0.0006930378204654808
2023-03-07,385.0389709472656,391.2263786917728,-0.015328754262149635
2023-03-08,385.6673583984375,386.4310923018348,0.0016320100005096094
2023-03-09,378.5518798828125,388.1423379350798,-0.018449781555725853
2023-03-10,373.089599609375,380.0987457095012,-0.014429409979758723
2023-03-13,372.5578308105469,377.4207560622375,-0.0014253112372600851
2023-03-14,378.7162170410156,380.3790775248741,0.016530014191542763
2023-03-15,376.34765625,376.55067154027694,-0.006254183698605975
2023-03-16,382.95068359375,383.29873925578954,0.017545020499247554
2023-03-17,378.47296142578125,382.7527306190726,-0.011692686185981294
2023-03-20,382.1122131347656,382.5295370495044,0.009615618762499167
2023-03-21,387.1296081542969,387.6148424234307,0.013130684775473744
2023-03-22,380.5303649902344,390.60383211481064,-0.017046598929814416
2023-03-23,381.5591125488281,387.498375020447,0.002703457209308757
2023-03-24,384.0628967285156,384.15023533679164,0.0065619823962848045
2023-03-27,384.78106689453125,387.1393279854772,0.0018699285250751707
2023-03-28,383.9173583984375,384.78105999415146,-0.002244675142320629
2023-03-29,389.49749755859375,389.7401146581548,0.014534740454129391
2023-03-30,391.77813720703125,392.40893579573674,0.005855338385311271
2023-03-31,397.30010986328125,397.600952726272,0.014094642175839445
2023-04-03,398.81402587890625,399.221606047356,0.003810509934532691
2023-04-04,396.601318359375,399.75534053452026,-0.005548218908938529
2023-04-05,395.56298828125,396.63050961323876,-0.002618070162803021
2023-04-06,397.1059265136719,397.3873706135789,0.0039006132477814592
2023-04-10,397.5135498046875,397.5912038623676,0.0010264850353514099
2023-04-11,397.6203308105469,399.0372064417564,0.0002686223046028946
2023-04-12,395.9996337890625,399.99798862640296,-0.004075991331179196
2023-04-13,401.25958251953125,401.6186510996425,0.01328271109783552
2023-04-14,400.2794189453125,402.8317557734293,-0.0024427169266942883
2023-04-17,401.7156677246094,401.73506642955937,0.003588115479634668
2023-04-18,401.9776916503906,403.44310835321613,0.0006522621516491522
2023-04-19,401.90985107421875,402.82206424502385,-0.0001687670176256928
2023-04-20,399.716552734375,401.48281243371395,-0.005457189800104567
2023-04-21,400.027099609375,400.49290550238106,0.0007769177255123605
2023-04-24,400.44439697265625,400.87140545538995,0.0010431727342690156
2023-04-25,394.0877990722656,399.017795182354,-0.01587385901375138
2023-04-26,392.41864013671875,395.7958812792329,-0.004235500158787708
2023-04-27,400.2308654785156,400.5025954384482,0.019907885464041986
2023-04-28,403.64691162109375,403.6566257822549,0.008535189155123968
2023-05-01,403.23931884765625,405.2869928770317,-0.0010097755283213772
2023-05-02,398.707275390625,402.5697506864298,-0.011239091143151803
2023-05-03,395.9704895019531,401.6477353300267,-0.006864148355433364
2023-05-04,393.1658935546875,395.24268066712455,-0.0070828408217824546
2023-05-05,400.44439697265625,401.5022040178637,0.018512550394853555
2023-05-08,400.5511474609375,401.03638169670114,0.0002665800522825279
2023-05-09,398.79461669921875,399.9203637219375,-0.004385284558172553
2023-05-10,400.6578674316406,402.2979613255918,0.0046722063297739425
2023-05-11,399.95916748046875,400.25029616925275,-0.001743881770376321
2023-05-12,399.4350891113281,401.42456712060635,-0.0013103296830074829
2023-05-15,400.81317138671875,401.2207515377264,0.0034500781552682103
2023-05-16,398.1346435546875,400.6287543406979,-0.006682734059771933
2023-05-17,402.9676208496094,403.5789910888455,0.012139052386326732
2023-05-18,406.8494567871094,407.27646523015943,0.009633121215336438
2023-05-19,406.2574768066406,408.2954663695949,-0.0014550344619939093
2023-05-22,406.4224853515625,407.975240775284,0.00040616740452126265
2023-05-23,401.86126708984375,406.35454064219726,-0.011222849192935813
2023-05-24,398.94989013671875,400.6288112952955,-0.0072447314323380585
2023-05-25,402.40472412109375,403.8701409114005,0.008659819365261834
2023-05-26,407.61614990234375,408.3440012437636,0.012950707257804783
2023-05-30,407.7714538574219,410.10057237205217,0.00038100540205610045
2023-05-31,405.5102233886719,406.83976034666455,-0.005545337829216068
2023-06-01,409.3630065917969,410.4305278046026,0.009501075388257618
2023-06-02,415.28289794921875,416.0786596192215,0.014461226984598952
2023-06-05,414.4870910644531,416.9326609564331,-0.0019163006439598673
2023-06-06,415.38958740234375,415.9233331749512,0.002177381050813665
2023-06-07,413.9533386230469,416.9326841108596,-0.00345759456388528
2023-06-08,416.4571228027344,416.9132441502529,0.006048469588422645
2023-06-09,417.2043762207031,419.23265170531073,0.0017943105713735807
2023-06-12,420.9892272949219,421.0668813607855,0.009071935219146843
2023-06-13,423.76470947265625,424.4149066761851,0.00659276294447797
2023-06-14,424.2694091796875,426.0938946873702,0.0011909904146083505
2023-06-15,429.52935791015625,430.79095509566173,0.012397661996510045
2023-06-16,428.0662841796875,432.108682807955,-0.0034062252172638585
2023-06-20,425.84539794921875,427.00454766263437,-0.005188183028067006
2023-06-21,423.6634216308594,425.6602599023348,-0.005123869669291459
2023-06-22,425.1927795410156,425.29991334389166,0.00360984175662149
2023-06-23,421.9783020019531,423.7803436206902,-0.007560047333194264
2023-06-26,420.25421142578125,423.3420073200014,-0.004085732768705053
2023-06-27,424.861572265625,425.48496373154705,0.010963271073982872
2023-06-28,425.0758361816406,426.098601194805,0.0005043146521184205
2023-06-29,426.7512512207031,426.9168567659676,0.003941449728388058
2023-06-30,431.7872009277344,432.78074496852855,0.011800667701913348
2023-07-03,432.2840576171875,432.56651751007917,0.0011506980484496943
2023-07-05,431.6411437988281,432.3814490837736,-0.0014872485048447182
2023-07-06,428.2610778808594,428.68967251820936,-0.007830731538289282
2023-07-07,427.1798095703125,431.16379530030736,-0.0025247877203720126
2023-07-10,428.2610778808594,428.4364039434957,0.0025311784085360056
2023-07-11,430.988525390625,431.48531235682884,0.006368656062002431
2023-07-12,434.4561462402344,435.8783146077755,0.008045738216502452
2023-07-13,437.9043884277344,438.7031356645178,0.007936916573377806
2023-07-14,437.6316833496094,439.65774288361575,-0.0006227502745613789
2023-07-17,439.1512451171875,440.2129815488396,0.003472238929200566
2023-07-18,442.4143981933594,443.06701072204413,0.007430590513983537
2023-07-19,443.398193359375,444.5962845348713,0.0022236960868204925
2023-07-20,440.4564514160156,443.3007584912939,-0.006634537504700888
2023-07-21,440.4564514160156,442.3948774694611,0.0
2023-07-24,442.42413330078125,443.242351358419,0.004467369880585936
2023-07-25,443.6319580078125,444.89824144117244,0.0027300154221245876
2023-07-26,443.70013427734375,445.1417437230947,0.00015367754351469642
2023-07-27,440.7583923339844,447.5282132652407,-0.006630022657420631
2023-07-28,445.0736083984375,445.9112972112307,0.009790434259464575
2023-07-31,445.9210510253906,446.28145341174877,0.0019040505007756892
2023-08-01,444.6449890136719,445.395014750363,-0.0028616321404527634
2023-08-02,438.45965576171875,441.7617490657216,-0.01391072294702711
2023-08-03,437.20306396484375,439.10251882323183,-0.002865923421601857
2023-08-04,435.2257080078125,441.15781109952064,-0.004522740392300273
2023-08-07,439.02459716796875,439.180452473231,0.008728549555459653
2023-08-08,437.1153869628906,439.01484176057045,-0.004348754528547882
2023-08-09,434.19317626953125,437.5537410667036,-0.006685215804602795
2023-08-10,434.3490295410156,439.98892228140517,0.00035894914983103376
2023-08-11,434.09576416015625,435.11855897030244,-0.0005830918538646257
2023-08-14,436.4919738769531,436.4919738769531,0.005520002530853496
2023-08-15,431.4073791503906,435.0601543729211,-0.011648770265809794
2023-08-16,428.2415771484375,432.6638482927137,-0.007338312126667468
2023-08-17,424.978515625,429.98523772151066,-0.007619674729309245
2023-08-18,425.1829833984375,426.22524893422104,0.0004811249649567806
2023-08-21,427.9493713378906,428.6993970971765,0.0065063467906023575
2023-08-22,426.7902526855469,429.74169388757167,-0.0027085415471461705
2023-08-23,431.543701171875,432.16712236446233,0.01113766881135958
2023-08-24,425.5628967285156,433.6769142078476,-0.013859093359764652
2023-08-25,428.56304931640625,429.8585537812075,0.007049845301256408
2023-08-28,431.2807922363281,431.90418381842204,0.00634152413339617
2023-08-29,437.5147705078125,437.7972600904608,0.014454569699613229
2023-08-30,439.31683349609375,439.95972547776927,0.004118862058507533
2023-08-31,438.6739807128906,441.0896638250759,-0.0014633010487835607
2023-09-01,439.4921569824219,441.9078695909099,0.0018651123738901987
2023-09-05,437.5926818847656,439.3655024336204,-0.004321977235494101
2023-09-06,434.6509704589844,436.88160654362133,-0.006722487709600045
2023-09-07,433.3165588378906,433.99839238349426,-0.0030700762491905342
2023-09-08,433.9691467285156,435.51791978263486,0.0015060303542868692
2023-09-11,436.8232116699219,437.13489255414964,0.006576654038476404
2023-09-12,434.4269104003906,436.90106472834117,-0.005485746190937224
2023-09-13,434.9334411621094,436.1023111854249,0.0011659746428964723
2023-09-14,438.6836853027344,439.38501934482065,0.008622570227307946
2023-09-15,433.3982849121094,437.41586356710224,-0.012048317655072083
2023-09-18,433.6524353027344,434.9622941238854,0.0005864130050181604
2023-09-19,432.75311279296875,433.3200848648617,-0.0020738324901549143
2023-09-20,428.774658203125,434.44419974165896,-0.009193358689362108
2023-09-21,421.6877136230469,426.16469269187604,-0.016528366228026448
2023-09-22,420.739501953125,424.3367284697756,-0.0022486110913098045
2023-09-25,422.5088195800781,422.547898470282,0.004205256741379726
2023-09-26,416.3016357421875,420.15302449578013,-0.014691252703457836
2023-09-27,416.4678039550781,418.0513939980137,0.000399153398939589
2023-09-28,418.88226318359375,420.5733649661584,0.005797469109463327
2023-09-29,417.8656311035156,422.1373414072314,-0.002427011524315903
2023-10-02,417.6994934082031,418.96048874831854,-0.0003975864080368874
2023-10-03,412.1081237792969,417.7581260874009,-0.013386105841986295
2023-10-04,415.10906982421875,415.86174118597603,0.007281938578160618
2023-10-05,414.9526672363281,415.80309549159205,-0.0003767746822704865
2023-10-06,419.8792724609375,421.4335083697894,0.011872692028759735
2023-10-09,422.5674743652344,423.14420123252046,0.006402321049431947
2023-10-10,424.7668762207031,427.38659384117693,0.005204853636150419
2023-10-11,426.5068664550781,426.7609985887564,0.004096341621211863
2023-10-12,423.90667724609375,427.50390423107496,-0.006096476782650462
2023-10-13,421.79522705078125,426.63390960644494,-0.004980931673521871
2023-10-16,426.233154296875,427.30842046983895,0.010521520779464444
2023-10-17,426.2135925292969,428.28593729516797,-4.589452364489599e-05
2023-10-18,420.53424072265625,425.3924628264014,-0.013325130653242256
2023-10-19,416.8392639160156,423.0855623664448,-0.008786387525284711
2023-10-20,411.71710205078125,416.94678223342015,-0.012288098335828557
2023-10-23,411.0035095214844,414.9037915113143,-0.0017332108035892357
2023-10-24,414.10223388671875,415.26547224008635,0.007539410962310589
2023-10-25,408.15899658203125,412.43073728438776,-0.01435210153035138
2023-10-26,403.2713928222656,407.9438854230487,-0.011974754447886649
2023-10-27,401.4434814453125,405.27533073382756,-0.004532707773196143
2023-10-30,406.2430725097656,407.3085540305697,0.011955832604812144
2023-10-31,408.79437255859375,409.11693747926455,0.006280230289383626
2023-11-01,413.154052734375,413.9751569038601,0.010664726494385324
2023-11-02,421.0718688964844,421.2282739468774,0.019164319240503547
2023-11-03,424.91351318359375,426.47753400473437,0.00912348834220933
2023-11-06,425.8909606933594,426.3406065461818,0.002300344609994287
2023-11-07,427.1031188964844,427.7482785955101,0.0028461702994391214
2023-11-08,427.4158935546875,428.23699769497836,0.0007323164930550519
2023-11-09,424.0826110839844,428.60848370202086,-0.007798686293533086
2023-11-10,430.7002868652344,431.0130969488053,0.015604685521848571
2023-11-13,430.289794921875,431.40413994370897,-0.0009530802645780767
2023-11-14,438.6377258300781,439.9377999752436,0.019400717857412264
2023-11-15,439.5663757324219,441.2281534781896,0.002117122736277066
2023-11-16,440.1040344238281,440.426599375555,0.0012231570044691775
2023-11-17,440.6513977050781,441.2672332979486,0.0012437133914633414
2023-11-20,444.0433349609375,444.8937631847096,0.007697552472373026
2023-11-21,443.0755615234375,443.9162349043682,-0.0021794571865043633
2023-11-22,444.7862243652344,446.1156523862387,0.003860882861413284
2023-11-24,445.0599365234375,445.25545030018225,0.0006153791264416064
2023-11-27,444.2583923339844,445.2456563416009,-0.0018009803257384993
2023-11-28,444.6982727050781,446.008131510795,0.0009901453268732485
2023-11-29,444.38543701171875,448.01201757256354,-0.0007034785439044011
2023-11-30,446.13519287109375,446.48711169529105,0.003937473449042939
2023-12-01,448.77447509765625,449.3120932196739,0.005915879914286659
2023-12-04,446.4186706542969,448.79401080674774,-0.005249417188548322
2023-12-05,446.3307189941406,447.29844358283805,-0.0001970160881205052
2023-12-06,444.5321350097656,448.5203597938999,-0.004029711395237001
2023-12-07,447.9240417480469,448.5789561923744,0.00763028467718474
2023-12-08,449.8497314453125,450.38734955570465,0.004299143421171436
2023-12-11,451.59942626953125,451.7754005818644,0.003889509544881209
2023-12-12,453.66204833984375,453.7598052309679,0.004567370882976762
2023-12-13,459.9180603027344,460.1722222306111,0.013790027148588235
2023-12-14,461.3941345214844,463.0754515660027,0.003209428692098726
2023-12-15,460.63446044921875,461.9791028908427,-0.0016464753568085078
2023-12-18,463.22552490234375,464.2168216004984,0.005624990476392311
2023-12-19,466.0423889160156,466.120923487645,0.006080977541696786
2023-12-20,459.5842590332031,467.0826923236391,-0.013857387302974034
2023-12-21,463.9420471191406,464.21685821180665,0.009482022067301976
2023-12-22,464.8743896484375,466.5723476590316,0.0020096098965081133
2023-12-26,466.83734130859375,467.75010345254253,0.0042225420540820124
2023-12-27,467.68145751953125,467.82867239999376,0.0018081591514751416
2023-12-28,467.85809326171875,468.7021451712498,0.00037768386868353154
2023-12-29,466.503662109375,468.19179590082064,-0.0028949614676988533
2024-01-02,463.8929443359375,464.89406539748853,-0.0055963500085566276
2024-01-03,460.1044921875,462.4600201485641,-0.008166651799071167
2024-01-04,458.6224670410156,462.2342786402037,-0.00322106211012696
2024-01-05,459.2506103515625,461.7239101878534,0.0013696304819073024
2024-01-08,465.8067932128906,465.9540080780916,0.014275828302785065
2024-01-09,465.10015869140625,466.13069275931775,-0.0015170120568881451
2024-01-10,467.7304992675781,468.60402410810553,0.005655428249202288
2024-01-11,467.5244140625,469.261609540428,-0.00044060672844903337
2024-01-12,467.8482666015625,469.7327068294288,0.0006926965294675735
2024-01-16,466.1307067871094,467.77957332625357,-0.003671189864460578
2024-01-17,463.5395812988281,464.03031747036704,-0.00555879595691311
2024-01-18,467.66180419921875,468.221250691515,0.008892925365381332
2024-01-19,473.49176025390625,473.7763956590603,0.012466179624547769
2024-01-22,474.49285888671875,476.2300543073191,0.0021142894488295205
2024-01-23,475.876708984375,476.12207709236566,0.002916482454347502
2024-01-24,476.39691162109375,479.7142632360057,0.0010931458230620805
2024-01-25,478.9880065917969,479.26281768430965,0.005438941578957968
2024-01-26,478.3795166015625,480.0578261962096,-0.0012703658168061738
2024-01-29,482.1679382324219,482.31518305508706,0.007919280611704549
2024-01-30,481.79498291015625,482.51143856615084,-0.0007734967273702598
2024-01-31,473.9334411621094,480.0185526339287,-0.016317193052865164
2024-02-01,480.13629150390625,480.16573447668185,0.013088019968768627
2024-02-02,485.1908874511719,486.85937256166625,0.010527419061436394
2024-02-05,483.4242248535156,485.22033614181447,-0.0036411701937292262
2024-02-06,484.8277587890625,485.1614558189623,0.0029033173419725777
2024-02-07,488.8714294433594,489.29345540498053,0.008340427256881
2024-02-08,489.08734130859375,489.470099975537,0.0004416536787192893
2024-02-09,491.91400146484375,492.3556460938414,0.005779458835894369
2024-02-12,491.69805908203125,494.17135877415075,-0.00043898401381026186
2024-02-13,484.9259338378906,487.88017573419415,-0.013772934668043524
2024-02-14,489.33270263671875,489.82343883770176,0.009087509022153606
2024-02-15,492.7090148925781,492.8954970620794,0.006899829579479322
2024-02-16,490.25531005859375,493.553043093204,-0.0049800282921945715
2024-02-20,487.5562438964844,489.1756673822871,-0.0055054297357570725
2024-02-21,487.9979248046875,488.15496399620093,0.0009059076029327429
2024-02-22,498.0972595214844,499.06890764502174,0.02069544603256035
2024-02-23,498.4407958984375,500.678551914076,0.0006896973841679088
2024-02-26,496.6152038574219,499.32407723210946,-0.0036626055813208103
2024-02-27,497.537841796875,497.7635912521858,0.001857852784785008
2024-02-28,496.8802185058594,497.46907797429105,-0.0013217553234555757
2024-02-29,498.6665344238281,500.2957823674434,0.003595063460848369
2024-03-01,503.3481140136719,503.7799642809751,0.009388196854342779
2024-03-04,502.808349609375,504.67317132051346,-0.0010723481210505037
2024-03-05,497.7832336425781,501.2380361388406,-0.009994098090655879
2024-03-06,500.3055419921875,502.5825650854079,0.0050670817720237515
2024-03-07,505.2718200683594,506.33182706759834,0.009926490233141294
2024-03-08,502.23907470703125,508.61861557056596,-0.006002205626503776
2024-03-11,501.8072509765625,502.3961404580466,-0.0008597971607857691
2024-03-12,507.2053527832031,507.79421228139387,0.010757321254596164
2024-03-13,506.4102783203125,507.70582905852996,-0.001567559290389542
2024-03-14,505.40924072265625,507.5488434354038,-0.0019767323857969865
2024-03-15,501.9388122558594,503.77989353927506,-0.006866571061966975
2024-03-18,504.9219055175781,507.50134818185666,0.005943141253237361
2024-03-19,507.7278137207031,508.01330344085073,0.0055571132336766915
2024-03-20,512.4239501953125,512.5617976859555,0.009249318921875416
2024-03-21,514.1173095703125,515.9977198182323,0.0033046062237227503
2024-03-22,513.1426391601562,514.5209336531528,-0.0018958132550932483
2024-03-25,511.7250061035156,512.8867348229998,-0.002762649112458937
2024-03-26,510.77978515625,513.5069299447247,-0.0018471267497027766
2024-03-27,515.0723266601562,515.1117459956549,0.008403898565784385
2024-03-28,514.9738159179688,516.4899578302683,-0.00019125613450499124
2024-04-01,514.077880859375,516.2635505203092,-0.0017397681802455711
2024-04-02,510.8094177246094,510.9472051350024,-0.006357914348117388
2024-04-03,511.3705139160156,512.8867161600226,0.001098445275158788
2024-04-04,505.128662109375,515.7614866884437,-0.012206123811952407
2024-04-05,510.4056091308594,512.3845074841119,0.010446738459560567
2024-04-08,510.6911926269531,512.1286162940363,0.0005595226443142476
2024-04-09,511.2818603515625,512.6897192925836,0.0011566044865018998
2024-04-10,506.16241455078125,508.1708176740939,-0.010012961925269681
2024-04-11,509.9823303222656,511.4394034656721,0.007546818297195168
2024-04-12,502.9430236816406,507.83609877565436,-0.01380304026646717
2024-04-15,496.6420593261719,507.3240973641196,-0.012528187207657138
2024-04-16,495.736328125,498.66035947019793,-0.0018237102238194414
2024-04-17,492.80242919921875,498.38468163937944,-0.005918264931032979
2024-04-18,491.7883605957031,496.32702210368694,-0.0020577589383303785
2024-04-19,487.49591064453125,492.71386515707155,-0.008728246325253486
2024-04-22,491.98529052734375,494.60412241582105,0.0092090616244902
2024-04-23,497.823486328125,498.2566783621757,0.011866606407121338
2024-04-24,497.58721923828125,499.51687375797127,-0.00047460012701772136
2024-04-25,495.6969299316406,496.46485582440346,-0.003798910489570706
2024-04-26,500.3930969238281,501.98801755129347,0.009473867414985016
2024-04-29,502.16522216796875,502.84454466129057,0.0035414662093358196
2024-04-30,494.2103576660156,501.67302110478954,-0.015841129872773863
2024-05-01,492.60552978515625,500.32417773644914,-0.0032472566711033712
2024-05-02,497.2131042480469,498.05980872309107,0.009353476939043315
2024-05-03,503.3762512207031,504.61672848389605,0.012395383227030932
2024-05-06,508.5744934082031,508.6138526522853,0.010326752950490015
2024-05-07,509.1357116699219,510.54357089188056,0.0011035124037734878
2024-05-08,509.1848449707031,509.7263199562531,9.650334803690264e-05
2024-05-09,512.1187133789062,512.1581327107517,0.005761892635221644
2024-05-10,512.7784423828125,514.5505698868354,0.0012882345180347254
2024-05-13,512.8472900390625,514.5800582433153,0.00013426394434623568
2024-05-14,515.2002563476562,515.7220817556282,0.004588044734358476
2024-05-15,521.5800170898438,521.8753616282006,0.0123830698133085
2024-05-16,520.5068359375,523.2930494733743,-0.0020575580297949037
2024-05-17,521.255126953125,521.324050696315,0.0014376199580112825
2024-05-20,521.855712890625,523.3324958452743,0.001152191904587374
2024-05-21,523.135498046875,523.293055188179,0.0024523735673240843
2024-05-22,521.6292724609375,523.1552694386295,-0.002879226494017284
2024-05-23,517.8191528320312,524.8190890203099,-0.007304267283411603
2024-05-24,521.2453002929688,522.0624703315923,0.006616494276427076
2024-05-28,521.6095581054688,522.2987354702987,0.0006988222479804573
2024-05-29,517.9569091796875,519.1482022229889,-0.007002649527834581
2024-05-30,514.52099609375,517.0709343554327,-0.006633588673195079
2024-05-31,519.2073974609375,519.3353901368334,0.009108280133885094
2024-06-03,519.6306762695312,521.1173140373083,0.0008152403272059239
2024-06-04,520.2114868164062,520.9597329967089,0.0011177372187582968
2024-06-05,526.3942260742188,526.4139357381152,0.011885049474108511
2024-06-06,526.384521484375,527.1327678407445,-1.8435973198505096e-05
2024-06-07,525.7445068359375,528.5799344854378,-0.0012158690506944847
2024-06-10,527.368896484375,527.6938054886267,0.0030896940002540507
2024-06-11,528.6390380859375,528.6981069954104,0.002408449967432169
2024-06-12,532.9807739257812,535.6980640483052,0.008213044302524564
2024-06-13,534.0538940429688,534.9202780854922,0.002013431196182136
2024-06-14,534.3788452148438,534.4083496258869,0.0006084613847021636
2024-06-17,538.6318969726562,540.039816141854,0.007958869996252504
2024-06-18,540.00048828125,540.1284809546763,0.0025408656937804253
2024-06-20,538.533447265625,541.6051506036705,-0.002716740164984688
2024-06-21,537.8115234375,538.9375137844564,-0.0013405366589401835
2024-06-24,536.063232421875,540.2214629334219,-0.003250750382681522
2024-06-25,538.1275634765625,538.4930069445525,0.003850909612586273
2024-06-26,538.7991943359375,539.5201946501434,0.001248088566651262
2024-06-27,539.6485595703125,540.2313279241882,0.001576404054244751
2024-06-28,537.5250244140625,543.5105326991545,-0.0039350334927991115
2024-07-01,538.6312866210938,539.1646218711988,0.002058066428139105
2024-07-02,542.256103515625,542.256103515625,0.006729681295102985
2024-07-03,544.6759643554688,545.0414077951219,0.004462579257577648
2024-07-05,547.81689453125,548.2218242315001,0.005766603230781486
2024-07-08,548.4490356445312,549.4070738750903,0.0011539277440908435
2024-07-09,548.9823608398438,550.3256157769998,0.0009724243469326765
2024-07-10,554.4146728515625,554.760343052966,0.00989523962738681
2024-07-11,549.6342163085938,555.4122863317111,-0.008622528906713556
2024-07-12,553.1010131835938,556.7357347196536,0.0063074618939908955
2024-07-15,554.6221313476562,557.8914095784243,0.0027501634019924115
2024-07-16,557.9111328125,558.2074301848496,0.005930166286101768
2024-07-17,550.088623046875,553.6147127596594,-0.014021067703364753
2024-07-18,545.8611450195312,552.6367990518563,-0.007685085366660127
2024-07-19,542.2363891601562,547.2637991893615,-0.006640435745331019
2024-07-22,547.8267211914062,548.4390891302021,0.010309769213218134
2024-07-23,546.9674682617188,549.8910159782978,-0.0015684757541924998
2024-07-24,534.57177734375,542.414101993874,-0.0226625743526625
2024-07-25,531.7864990234375,540.7252149134714,-0.00521029810842677
2024-07-26,537.7423095703125,540.4584791109177,0.011199627214703911
2024-07-29,538.0584106445312,540.320217524103,0.0005878300230297562
2024-07-30,535.3323364257812,540.6066704721179,-0.00506650238119033
2024-07-31,544.0339965820312,546.6909069240734,0.01625468809589914
2024-08-01,536.3298950195312,548.043978708858,-0.014161066423977298
2024-08-02,526.3443603515625,530.3840119652383,-0.018618269763994943
2024-08-05,511.0152893066406,517.1390300808872,-0.029123654017463196
2024-08-06,515.7266235351562,523.23310551279,0.009219556297245246
2024-08-07,512.2794799804688,525.050469711949,-0.006684051971291183
2024-08-08,524.1220092773438,524.7540902312787,0.023117321227324128
2024-08-09,526.43310546875,527.9344256002166,0.004409462206314885
2024-08-12,526.7098388671875,529.1395378593587,0.0005256762835823547
2024-08-13,535.3717651367188,535.6088632791103,0.016445347381702113
2024-08-14,537.0608520507812,538.2559884767765,0.003154979444295325
2024-08-15,546.2662353515625,546.5526461191579,0.017140298470145865
2024-08-16,547.4909057617188,548.1921930822297,0.0022418929285792366
2024-08-19,552.7257690429688,552.7257690429688,0.009561552942996876
2024-08-20,551.826904296875,553.9405925603355,-0.001626239984522715
2024-08-21,553.7232666015625,555.1949270256794,0.0034365165777914264
2024-08-22,549.3773193359375,556.251718701756,-0.007848590672914879
2024-08-23,555.2147216796875,556.162933530549,0.010625488418062101
2024-08-26,553.8912353515625,556.9728488208845,-0.0023837378161030154
2024-08-27,554.6517333984375,555.1455824402227,0.0013730097144293296
2024-08-28,551.4317626953125,554.7405870539986,-0.005805391940985616
2024-08-29,551.4812622070312,556.7457104578034,8.97654343972043e-05
2024-08-30,556.7456665039062,557.2592888149386,0.009545935025619512
2024-09-03,545.288330078125,553.9109143486305,-0.02057912097947301
2024-09-04,544.1722412109375,547.6094110613637,-0.002046786636764386
2024-09-05,542.8488159179688,546.9872739602764,-0.0024319970640614974
2024-09-06,533.7125244140625,544.8142412787463,-0.01683026882624139
2024-09-09,539.6880493164062,540.9721049715934,0.011196148917254733
2024-09-10,542.0387573242188,542.3943744160936,0.004355679194286477
2024-09-11,547.5995483398438,548.5279869391354,0.010259028419067118
2024-09-12,552.212158203125,552.5183422032788,0.008423326639449114
2024-09-13,555.09619140625,556.1036627094621,0.005222690519001816
2024-09-16,555.9160766601562,556.182714178543,0.0014770147347420437
2024-09-17,556.1431884765625,559.6100185283265,0.00040853615490066275
2024-09-18,554.4937133789062,561.6940105129354,-0.0029659180078688285
2024-09-19,563.9558715820312,565.8325221847023,0.017064500416904105
2024-09-20,562.9810180664062,564.0311870143781,-0.0017285989290088954
2024-09-23,564.3877563476562,565.0416704048506,0.002498731282417843
2024-09-24,566.002685546875,566.0621267861817,0.0028613824113929986
2024-09-25,564.7543334960938,566.5872158186719,-0.0022055585294177282
2024-09-26,566.993408203125,569.381095644281,0.0039646879611712205
2024-09-27,566.1710815429688,568.8955824862597,-0.0014503284310876108
2024-09-30,568.4398803710938,569.054126648712,0.004007267241452839
2024-10-01,563.3475952148438,568.7371564677812,-0.008958353085511184
2024-10-02,563.5853271484375,564.6157226242663,0.00042199866585579393
2024-10-03,562.5549926757812,564.5166141116738,-0.0018281783130682516
2024-10-04,567.6671142578125,568.0435956054741,0.00908732772544707
2024-10-07,562.53515625,566.6566172003112,-0.009040435633693833
2024-10-08,567.8553466796875,568.4597364990252,0.009457525224118024
2024-10-09,571.78857421875,572.3532962392944,0.006926460342515872
2024-10-10,570.7879028320312,572.2244699604879,-0.001750072372617817
2024-10-11,574.2058715820312,574.9489172202314,0.005988159057053188
2024-10-14,578.9019775390625,579.8431808838789,0.00817843597470147
2024-10-15,574.4041137695312,579.4766345691163,-0.007769646579291134
2024-10-16,576.9006958007812,577.4258104780474,0.004346386057136886
2024-10-17,576.9502563476562,580.6853191555525,8.590828063770317e-05
2024-10-18,579.1694946289062,579.9620646428958,0.003846498475100324
2024-10-21,578.2183837890625,579.427042498055,-0.0016421977480930439
2024-10-22,577.9112548828125,579.0803062430451,-0.0005311642017283846
2024-10-23,572.630615234375,576.3161532176879,-0.00913745770448493
2024-10-24,573.8690795898438,574.681483526623,0.0021627630841249967
2024-10-25,573.6708984375,579.0406856675128,-0.00034534209873338106
2024-10-28,575.4443359375,577.306908686012,0.0030913848076141726
2024-10-29,576.3756103515625,577.5049938494554,0.0016183570780052836
2024-10-30,574.6319580078125,577.9112641336919,-0.0030252014700733465
2024-10-31,563.367431640625,570.2926088073559,-0.019603028008119194
2024-11-01,565.7450561523438,570.213247218257,0.0042203797702589085
2024-11-04,564.5264892578125,567.1915489107644,-0.0021539152331595535
2024-11-05,571.3526000976562,571.392207431428,0.012091745860886238
2024-11-06,585.5596313476562,586.441393442959,0.02486561056617531
2024-11-07,590.0872802734375,591.1176757282863,0.007732173946760845
2024-11-08,592.6434326171875,594.0799999422925,0.0043318207817757415
2024-11-11,593.2080688476562,594.6049681604908,0.0009527419007668847
2024-11-12,591.3653564453125,593.7331495640901,-0.003106350872676633
2024-11-13,591.6526489257812,593.6737115669744,0.0004858121588244835
2024-11-14,587.8482055664062,592.2668724936673,-0.006430197458394571
2024-11-15,580.3186645507812,584.7274142583682,-0.012808648464564198
2024-11-18,582.6964721679688,584.0240133120835,0.004097417095878075
2024-11-19,584.8265380859375,585.5596668949097,0.003655532545175033
2024-11-20,585.024658203125,585.3119474433167,0.000338767316948152
2024-11-21,588.1652221679688,589.6017892447042,0.005368259133708753
2024-11-22,589.9882202148438,590.6223004102239,0.0030994658952385734
2024-11-25,591.9895629882812,595.2886427548735,0.003392174122915037
2024-11-26,595.0806274414062,595.7543150327024,0.005221484712537361
2024-11-27,593.2774658203125,595.2786945887843,-0.003030113127437173
2024-11-29,596.9629516601562,597.7555217105382,0.0062120779098662204
2024-12-02,598.0328979492188,598.7165024027554,0.0017923160659920612
2024-12-03,598.3102416992188,598.5579235840632,0.000463760022151094
2024-12-04,602.0255126953125,602.273194597734,0.006209606216237118
2024-12-05,601.0347900390625,602.8379215598571,-0.00164564895566377
2024-12-06,602.1741333007812,603.4224597376833,0.0018956361272277622
2024-12-09,599.0731811523438,602.2236877862599,-0.0051495937419958615
2024-12-10,597.2106323242188,600.1828153588143,-0.003109050591352358
2024-12-11,601.8274536132812,602.7884304302338,0.007730641484219314
2024-12-12,598.7264404296875,601.5301560606846,-0.00515266155602534
2024-12-13,598.6076049804688,601.5005129311277,-0.00019848037633596327
2024-12-16,601.16357421875,602.1444453296839,0.004269857611255423
2024-12-17,598.686767578125,599.5586127152293,-0.004120021150389452
2024-12-18,580.8438110351562,600.7871021522338,-0.02980349242584579
2024-12-19,580.6654052734375,587.5014497021764,-0.0003071492857964486
2024-12-20,587.6398315429688,592.2124929094322,0.012011093146227614
2024-12-23,591.1588134765625,591.7651768174416,0.005988331193196972
2024-12-24,597.7294921875,597.7692934996265,0.011114912881524663
2024-12-26,597.7693481445312,598.9025328618192,6.667892006695375e-05
2024-12-27,591.4768676757812,594.2304389583717,-0.01052660275787276
2024-12-30,584.7271728515625,588.2262908200153,-0.011411595605998581
2024-12-31,582.5999145507812,587.1328351597793,-0.0036380356507244027
2025-01-02,581.16845703125,587.619910089809,-0.0024570163568166103
2025-01-03,588.43505859375,589.0811625401365,0.012503434201538655
2025-01-06,591.8247680664062,596.139024063344,0.005760549823045968
2025-01-07,585.134765625,594.2006069194122,-0.01130402579003853
2025-01-08,585.9896850585938,587.0732394943316,0.0014610641578962635
2025-01-10,577.0430908203125,582.470691654181,-0.01526749440544617
2025-01-13,577.937744140625,578.2955919136582,0.001550409899268912
2025-01-14,578.7329711914062,581.526283047168,0.0013759735522442806
2025-01-15,589.2601318359375,590.4132171193324,0.018190013648020642
2025-01-16,588.1268920898438,590.8207614434976,-0.0019231569978490626
2025-01-17,594.0316162109375,595.8010151082805,0.010039881189775057
2025-01-21,599.4691162109375,599.4790665392256,0.009153553197527309
2025-01-22,602.8389892578125,604.2107997343253,0.005621428953963337
2025-01-23,606.1293334960938,606.1293334960938,0.00545808133998138
2025-01-24,604.35986328125,607.1532358314879,-0.0029192948056772083
2025-01-27,595.81103515625,596.1291423298717,-0.014145261200149584
2025-01-28,600.930419921875,601.7753484093994,0.008592295985727194
2025-01-29,598.2365112304688,600.5427425880405,-0.004482896192468444
2025-01-30,601.4473266601562,602.9980611492583,0.005367133849927264
2025-01-31,598.2464599609375,606.3381400117711,-0.005321940188832808
2025-02-03,594.2205200195312,596.7255152502233,-0.006729567512474888
2025-02-04,598.2066650390625,598.7235360264071,0.006708191462994728
2025-02-05,600.6321411132812,600.7812746894733,0.004054578820281707
2025-02-06,602.7197265625,602.8489594864907,0.0034756472494952284
2025-02-07,597.2026977539062,604.518980132331,-0.009153556065037205
2025-02-10,601.2584228515625,601.904587470542,0.006791203577796834
2025-02-11,601.7157592773438,602.2624813268295,0.0007606320483832807
2025-02-12,599.7772827148438,600.9602190183091,-0.003221581839285892
2025-02-13,606.1094360351562,606.3182109084269,0.010557507766300267
2025-02-14,606.0796508789062,607.3619690957353,-4.914154850454988e-05
2025-02-18,607.8590087890625,607.8590087890625,0.0029358482958072862
2025-02-19,609.2904663085938,609.5886727994638,0.002354917010085833
2025-02-20,606.755615234375,608.0478837995475,-0.004160332738465833
2025-02-21,596.3776245117188,606.6760934066054,-0.017104070340819955
2025-02-24,593.663818359375,599.4492667675623,-0.0045504828497978655
2025-02-25,590.71142578125,594.3397765506367,-0.004973172504068257
2025-02-26,591.0096435546875,596.0197552375269,0.0005048451078173422
2025-02-27,581.5759887695312,594.469005075742,-0.01596193038140048
2025-02-28,590.6517944335938,591.1885661100836,0.015605537091145427
2025-03-03,580.3036499023438,593.7930798421835,-0.017519873178703183
2025-03-04,573.4346313476562,581.9140099307576,-0.011836938395689
2025-03-05,579.5978393554688,581.4070396387077,0.01074788244534175
2025-03-06,569.309326171875,576.7249905948024,-0.017751124115705674
2025-03-07,572.5001831054688,573.9614858286079,0.005604785986995209
2025-03-10,557.2513427734375,566.1581002592635,-0.026635520445278282
2025-03-11,552.6189575195312,560.6708965233902,-0.008312918961937199
2025-03-12,555.551513671875,559.7663275163131,0.005306651377843918
2025-03-13,548.1456909179688,555.7900306808465,-0.013330577942193056
2025-03-14,559.4680786132812,560.4820413534102,0.02065579987749455
2025-03-17,563.7823486328125,566.3271452015323,0.0077113783331923536
2025-03-18,557.688720703125,561.6649689744013,-0.01080847590291667
2025-03-19,563.762451171875,567.5597757254244,0.01089089709595048
2025-03-20,562.1321411132812,567.1819933351081,-0.0028918386728397083
2025-03-21,562.317626953125,563.2249787707245,0.00032996839404408895
2025-03-24,572.3878784179688,573.4547318251052,0.01790847553438546
2025-03-25,573.7637939453125,574.7109450377018,0.002403816676108894
2025-03-26,566.9140625,574.631238497171,-0.011938242736113436
2025-03-27,565.4085083007812,569.2172558810057,-0.0026557009233101336
2025-03-28,554.0221557617188,564.600928853177,-0.02013827590476458
2025-03-31,557.7411499023438,559.0572663570716,0.006712717356062825
2025-04-01,559.3164672851562,561.2806921988606,0.002824459667514878
2025-04-02,562.8560791015625,565.747494747627,0.006328459867428915
2025-04-03,535.1180419921875,546.3547813001727,-0.04928086972721479
2025-04-04,503.7906494140625,524.3199552475792,-0.058542957104373516
2025-04-07,502.893310546875,521.6279038372442,-0.001781174121098017
2025-04-08,495.0166015625,523.432565399183,-0.01566278337607918
2025-04-09,547.0029296875,547.0029296875,0.10501936290804648
2025-04-10,523.0337524414062,531.9274425958545,-0.04381910213860685
2025-04-11,532.3661499023438,534.8488005902628,0.017842820692500094
2025-04-14,537.5308837890625,542.6757082402244,0.009701469350871017
2025-04-15,536.0253295898438,541.6287592452915,-0.0028008701353233745
2025-04-16,524.1105346679688,536.3045268284891,-0.0222280445795201
2025-04-17,524.8583374023438,529.604316656272,0.0014268034792483952
2025-04-21,512.3652954101562,520.1622525299349,-0.023802693225792537
2025-04-22,525.6959228515625,527.7398682752878,0.02601781885077692
2025-04-23,533.841796875,543.8223014706125,0.015495410311062274
2025-04-24,545.07861328125,545.8164223668259,0.021048963329638015
2025-04-25,549.0169677734375,549.4257324957449,0.007225296308140727
2025-04-28,549.226318359375,551.9183721484593,0.0003813189723198551
2025-04-29,552.6860961914062,553.8127702769649,0.006299366429427744
2025-04-30,552.9054565429688,554.8796618213433,0.00039689862486880223
2025-05-01,556.8238525390625,562.4073827721945,0.007086918658016916
2025-05-02,565.0894165039062,566.7046364907385,0.014844126966101712
2025-05-05,561.8489990234375,564.9797581165675,-0.005734344664454216
2025-05-06,557.1528930664062,561.6894695117311,-0.008358306173355534
2025-05-07,559.4959716796875,562.1580845152806,0.004205449962551011
2025-05-08,563.3944702148438,568.6289957190513,0.006967875967815118
2025-05-09,562.6765747070312,565.8272334952061,-0.0012742324352930101
2025-05-12,581.2716064453125,581.2815867067962,0.033047460253633476
2025-05-13,585.1102905273438,587.343678293745,0.006603942183768696
2025-05-14,585.8580932617188,587.2439499583633,0.0012780543198120942
2025-05-15,588.7196044921875,589.2280501171933,0.004884307758791007
2025-05-16,592.4485473632812,592.7476509117832,0.006333987933543117
2025-05-19,593.0966186523438,593.784587269064,0.0010938861981293346
2025-05-20,591.1025390625,592.2990142108393,-0.003362149651729207
2025-05-21,581.1419677734375,590.8333490882792,-0.016850834890440813
2025-05-22,581.371337890625,584.8909013825514,0.00039468861295000046
2025-05-23,577.4030151367188,580.0950688548037,-0.006825797034137326
2025-05-27,589.4075927734375,589.5670943925401,0.02079063898527833
2025-05-28,585.9976196289062,591.0228029471133,-0.005785424528526595
2025-05-29,588.310791015625,591.4515306022613,0.00394740747954514
2025-05-30,587.6527709960938,589.3876325602934,-0.0011184904808482221
2025-06-02,590.9629516601562,591.0426720366128,0.00563288531499917
2025-06-03,594.3330078125,595.3200799781005,0.005702652159287558
2025-06-04,594.1734619140625,596.1875273458553,-0.000268445293026387
2025-06-05,591.3019409179688,597.2344151426059,-0.004832799140579991
2025-06-06,597.3740234375,599.0590445233215,0.010269004884551292
2025-06-09,597.9124145507812,599.477794222525,0.0009012630147242628
2025-06-10,601.3023681640625,601.6911723434343,0.0056696491505836555
2025-06-11,599.5874633789062,603.2765697174132,-0.0028519840864627
2025-06-12,601.9703979492188,601.9703979492188,0.003974290184260543
2025-06-13,595.2402954101562,600.0759753105004,-0.011180122082398825
2025-06-16,600.903564453125,602.6683667667999,0.00951425682474416
2025-06-17,595.768798828125,599.9763310919831,-0.008545074332639513
2025-06-18,595.6790161132812,599.4478427165867,-0.00015070059899136012
2025-06-20,594.280029296875,599.4600219726562,-0.00234855816398305
2025-06-23,600.1500244140625,600.5399780273438,0.00987749011881256
2025-06-24,604.1599731445312,605.4487915039062,0.006681577217936052
